{
  "node_indices": [
    5526,
    5534,
    5537,
    5540,
    5543,
    5545,
    5572,
    5575,
    5594,
    5615,
    5620,
    5621,
    5623,
    5634,
    5635,
    5653,
    5654,
    5656,
    5666,
    5671,
    5680,
    5684,
    5699,
    5700,
    5703,
    5705,
    5709,
    5710,
    5716,
    5723,
    5725,
    5727,
    5728,
    5742,
    5745,
    5746
  ],
  "true_labels": [
    2,
    0,
    0,
    0,
    0,
    0,
    0,
    0,
    0,
    3,
    2,
    2,
    0,
    3,
    3,
    1,
    1,
    0,
    2,
    0,
    2,
    0,
    0,
    2,
    2,
    1,
    2,
    0,
    1,
    2,
    2,
    2,
    1,
    2,
    1,
    0
  ],
  "predicted_labels": [
    2,
    0,
    0,
    0,
    0,
    0,
    0,
    0,
    0,
    3,
    2,
    2,
    0,
    3,
    3,
    1,
    1,
    0,
    2,
    0,
    1,
    0,
    0,
    2,
    2,
    1,
    2,
    0,
    1,
    2,
    2,
    1,
    1,
    2,
    0,
    0
  ],
  "all_probabilities": [
    [
      1.5523178465972528e-18,
      2.6202623716066985e-14,
      1.0,
      1.3059238876248311e-22
    ],
    [
      0.8745560646057129,
      0.011359036900103092,
      0.1005888283252716,
      0.01349600963294506
    ],
    [
      0.5551856160163879,
      0.10408538579940796,
      0.3163909614086151,
      0.02433796040713787
    ],
    [
      0.7425414323806763,
      0.0396960973739624,
      0.1854899525642395,
      0.032272543758153915
    ],
    [
      0.604656457901001,
      0.1258177012205124,
      0.23093624413013458,
      0.03858960419893265
    ],
    [
      1.0,
      1.0812647305291634e-10,
      2.009495694843544e-11,
      7.126769782075172e-18
    ],
    [
      0.8580514192581177,
      0.07434824854135513,
      0.037881411612033844,
      0.029719004407525063
    ],
    [
      0.7837910652160645,
      0.11155229061841965,
      0.050885170698165894,
      0.053771574050188065
    ],
    [
      1.0,
      9.516763377348525e-09,
      5.278493375726612e-08,
      1.461704979277556e-09
    ],
    [
      3.936530106329883e-07,
      0.11423850059509277,
      3.66960830433527e-06,
      0.8857574462890625
    ],
    [
      4.1789395362657085e-15,
      3.3957342146506697e-13,
      1.0,
      6.134753347491705e-20
    ],
    [
      5.814819773012096e-16,
      1.709165274588198e-11,
      1.0,
      3.08478778390951e-17
    ],
    [
      0.9998245239257812,
      0.00013755967665929347,
      7.117561835912056e-06,
      3.072311301366426e-05
    ],
    [
      0.041777968406677246,
      0.025990599766373634,
      0.42411789298057556,
      0.5081135034561157
    ],
    [
      1.5133647934817418e-07,
      8.244497280429641e-07,
      6.347262342387694e-07,
      0.9999982714653015
    ],
    [
      9.991202201513338e-14,
      0.9999997615814209,
      1.9218626334804867e-07,
      9.464266387864271e-17
    ],
    [
      2.172812116896239e-07,
      0.9999271035194397,
      7.278373959707096e-05,
      4.470120273936118e-08
    ],
    [
      0.9999998807907104,
      1.2058831089234445e-07,
      9.424269697966281e-11,
      9.570041157105913e-13
    ],
    [
      4.774385166031038e-18,
      2.2529568000691919e-13,
      1.0,
      5.199585436880874e-22
    ],
    [
      1.0,
      2.0816414049310353e-14,
      3.0434343738748593e-13,
      1.6097072405487495e-13
    ],
    [
      0.02705046348273754,
      0.9439384341239929,
      0.0233724694699049,
      0.0056386422365903854
    ],
    [
      0.9999849200248718,
      1.1774603990488686e-05,
      1.3366693565330934e-06,
      2.069537686111289e-06
    ],
    [
      1.0,
      5.512264689838675e-12,
      1.6537984523501414e-11,
      2.1483938759947474e-12
    ],
    [
      4.1465748838071545e-16,
      1.1673242667625816e-12,
      1.0,
      6.270922785954419e-20
    ],
    [
      4.752295808430063e-06,
      3.0191924452083185e-05,
      0.9999648332595825,
      2.0206398687605542e-07
    ],
    [
      5.714317474064812e-12,
      0.9999997615814209,
      2.4477014903823147e-07,
      6.946143658902778e-15
    ],
    [
      2.156365227463667e-17,
      1.2388739885441655e-15,
      1.0,
      5.37173551511277e-25
    ],
    [
      1.0,
      4.69034696064935e-13,
      4.836429650864615e-13,
      3.492961941822109e-14
    ],
    [
      2.0310190161632047e-12,
      0.9999993443489075,
      6.327765049718437e-07,
      3.9899113094776944e-17
    ],
    [
      2.0819090733084078e-20,
      2.680676827163022e-14,
      1.0,
      6.514694880050666e-25
    ],
    [
      1.6155916604532194e-09,
      1.2393793547005316e-08,
      1.0,
      4.597616233038837e-14
    ],
    [
      0.044403646141290665,
      0.9438439607620239,
      0.0011584978783503175,
      0.010593855753540993
    ],
    [
      3.86120579953797e-10,
      0.9999982118606567,
      1.7447958953198395e-06,
      1.248614579785201e-11
    ],
    [
      5.526246330920167e-19,
      2.8523914458698785e-13,
      1.0,
      5.615632078522542e-25
    ],
    [
      0.43171897530555725,
      0.11400683224201202,
      0.3123306334018707,
      0.14194361865520477
    ],
    [
      0.8610459566116333,
      0.01924460381269455,
      0.05011654645204544,
      0.06959276646375656
    ]
  ],
  "class_names": [
    "Group 1 (id1)",
    "Group 2 (id2)",
    "Group 3 (id3)",
    "Group 4 (id4)"
  ]
}