{
  "final_train_accuracy": 1.0,
  "final_test_accuracy": 0.9166666865348816,
  "best_test_accuracy": 0.9166666865348816,
  "training_time": 25.75792694091797,
  "epochs_trained": 200,
  "total_parameters": 739140,
  "train_losses": [
    3.6426570415496826,
    0.9540063142776489,
    0.4485754668712616,
    0.24696850776672363,
    0.20576955378055573,
    0.15159198641777039,
    0.15610568225383759,
    0.10133795440196991,
    0.0695810616016388,
    0.05777214467525482,
    0.05374012514948845,
    0.04833003878593445,
    0.037923190742731094,
    0.02857929654419422,
    0.0254689808934927,
    0.023382587358355522,
    0.01357516273856163,
    0.01629834622144699,
    0.019896773621439934,
    0.02539827860891819,
    0.007870319299399853,
    0.013174716383218765,
    0.015672115609049797,
    0.010660196654498577,
    0.01341221109032631,
    0.009935100562870502,
    0.013734713196754456,
    0.007201403379440308,
    0.012770543806254864,
    0.018569597974419594,
    0.007859006524085999,
    0.005708224140107632,
    0.002821586560457945,
    0.007193563040345907,
    0.00792255625128746,
    0.01102085318416357,
    0.00817166455090046,
    0.004837697837501764,
    0.006559376139193773,
    0.005786243826150894,
    0.008596650324761868,
    0.017449403181672096,
    0.008494017645716667,
    0.009347542189061642,
    0.012656508944928646,
    0.003440281143411994,
    0.0068876491859555244,
    0.0070063392631709576,
    0.005528949201107025,
    0.004706266336143017,
    0.007123900577425957,
    0.007311506662517786,
    0.007330696098506451,
    0.004011703655123711,
    0.010727237910032272,
    0.005193531978875399,
    0.0037991590797901154,
    0.004292687401175499,
    0.004448364954441786,
    0.0033700671046972275,
    0.009723606519401073,
    0.011155664920806885,
    0.008488303981721401,
    0.004319333005696535,
    0.008008746430277824,
    0.00590494042262435,
    0.004988418892025948,
    0.012613722123205662,
    0.003730837721377611,
    0.009429264813661575,
    0.008503180928528309,
    0.005478942766785622,
    0.0059908293187618256,
    0.009795067831873894,
    0.005456679034978151,
    0.006736372597515583,
    0.005174087826162577,
    0.010047702118754387,
    0.003694552229717374,
    0.0045776935294270515,
    0.0051800343208014965,
    0.008791995234787464,
    0.006399889476597309,
    0.0101466728374362,
    0.0036485102027654648,
    0.005105451215058565,
    0.010149176232516766,
    0.009465653449296951,
    0.013940209522843361,
    0.004906081594526768,
    0.004678953438997269,
    0.009072999469935894,
    0.005299115087836981,
    0.003649720223620534,
    0.006645997986197472,
    0.0031382089946419,
    0.005357957910746336,
    0.005211890209466219,
    0.0069389501586556435,
    0.0055613345466554165,
    0.006376434117555618,
    0.005556641612201929,
    0.007469810079783201,
    0.007131787016987801,
    0.004515141248703003,
    0.003439699998125434,
    0.0060235061682760715,
    0.010477231815457344,
    0.010929607786238194,
    0.006317071616649628,
    0.00490568857640028,
    0.0078934570774436,
    0.010198102332651615,
    0.010078225284814835,
    0.004601362626999617,
    0.0064751142635941505,
    0.008954961784183979,
    0.005864555016160011,
    0.006084171589463949,
    0.004494076129049063,
    0.0044168089516460896,
    0.0030996687710285187,
    0.005429641343653202,
    0.004672040697187185,
    0.007811876013875008,
    0.007405902724713087,
    0.004093602299690247,
    0.0077981045469641685,
    0.006447223015129566,
    0.007982141338288784,
    0.006836617831140757,
    0.005795031785964966,
    0.00551281962543726,
    0.00706402026116848,
    0.004587062634527683,
    0.006187209393829107,
    0.005963013973087072,
    0.003632721258327365,
    0.0040835365653038025,
    0.0055458322167396545,
    0.0047010211274027824,
    0.007142652291804552,
    0.004273826256394386,
    0.008800441399216652,
    0.005907245445996523,
    0.005215683486312628,
    0.0029144473373889923,
    0.004574957303702831,
    0.004145523067563772,
    0.006269998382776976,
    0.006757906638085842,
    0.006175831891596317,
    0.004437645431607962,
    0.004119193647056818,
    0.005984944757074118,
    0.009139268659055233,
    0.00484257098287344,
    0.0044349366798996925,
    0.006194189190864563,
    0.007236691191792488,
    0.006225619465112686,
    0.0043975492008030415,
    0.008800431154668331,
    0.0030934959650039673,
    0.004217993002384901,
    0.0036738007329404354,
    0.0027900736313313246,
    0.005174246616661549,
    0.0052544246427714825,
    0.0038966818246990442,
    0.005338262300938368,
    0.004410983994603157,
    0.010183283127844334,
    0.0026822320651263,
    0.004179439507424831,
    0.0037538872566074133,
    0.004032424185425043,
    0.0027325216215103865,
    0.006148769054561853,
    0.0059416284784674644,
    0.002411975059658289,
    0.004515845328569412,
    0.004603687673807144,
    0.005105026066303253,
    0.004445171449333429,
    0.0036433811765164137,
    0.0054851677268743515,
    0.005507970228791237,
    0.007063151337206364,
    0.0034834982361644506,
    0.004320155363529921,
    0.006758276838809252,
    0.004376221913844347,
    0.004930975381284952,
    0.0042616501450538635,
    0.0037543161306530237,
    0.003084867959842086,
    0.0035613286308944225,
    0.007424486335366964,
    0.0035243865568190813
  ],
  "train_accuracies": [
    0.8142856955528259,
    1.0,
    1.0,
    1.0,
    1.0,
    1.0,
    1.0,
    1.0,
    1.0,
    1.0,
    1.0,
    1.0,
    1.0,
    1.0,
    1.0,
    1.0,
    1.0,
    1.0,
    1.0,
    1.0
  ],
  "val_accuracies": [
    0.6388888955116272,
    0.9166666865348816,
    0.9166666865348816,
    0.9166666865348816,
    0.9166666865348816,
    0.9166666865348816,
    0.9166666865348816,
    0.9166666865348816,
    0.9166666865348816,
    0.9166666865348816,
    0.9166666865348816,
    0.9166666865348816,
    0.9166666865348816,
    0.9166666865348816,
    0.8888888955116272,
    0.8888888955116272,
    0.8888888955116272,
    0.8888888955116272,
    0.8888888955116272,
    0.8888888955116272
  ]
}